{
  "HTTP Request-createTaskClean" : {
    "transaction" : "HTTP Request-createTaskClean",
    "sampleCount" : 133,
    "errorCount" : 0,
    "errorPct" : 0.0,
    "meanResTime" : 6.616541353383459,
    "medianResTime" : 2.0,
    "minResTime" : 1.0,
    "maxResTime" : 71.0,
    "pct1ResTime" : 8.200000000000017,
    "pct2ResTime" : 54.0,
    "pct3ResTime" : 68.95999999999998,
    "throughput" : 24.71200297287254,
    "receivedKBytesPerSec" : 7.4615762030843555,
    "sentKBytesPerSec" : 7.2881102517651435
  },
  "HTTP Request-createShopping" : {
    "transaction" : "HTTP Request-createShopping",
    "sampleCount" : 199,
    "errorCount" : 0,
    "errorPct" : 0.0,
    "meanResTime" : 68.02010050251262,
    "medianResTime" : 4.0,
    "minResTime" : 2.0,
    "maxResTime" : 407.0,
    "pct1ResTime" : 318.0,
    "pct2ResTime" : 339.0,
    "pct3ResTime" : 372.0,
    "throughput" : 34.251290877796905,
    "receivedKBytesPerSec" : 10.186841114457833,
    "sentKBytesPerSec" : 7.960749246987953
  },
  "Total" : {
    "transaction" : "Total",
    "sampleCount" : 515,
    "errorCount" : 0,
    "errorPct" : 0.0,
    "meanResTime" : 30.559223300970892,
    "medianResTime" : 3.0,
    "minResTime" : 1.0,
    "maxResTime" : 407.0,
    "pct1ResTime" : 67.4000000000002,
    "pct2ResTime" : 268.1999999999998,
    "pct3ResTime" : 362.67999999999995,
    "throughput" : 80.26807980049875,
    "receivedKBytesPerSec" : 24.004168046680174,
    "sentKBytesPerSec" : 19.97950071111284
  },
  "HTTP Request-createReminders" : {
    "transaction" : "HTTP Request-createReminders",
    "sampleCount" : 183,
    "errorCount" : 0,
    "errorPct" : 0.0,
    "meanResTime" : 7.224043715846989,
    "medianResTime" : 3.0,
    "minResTime" : 2.0,
    "maxResTime" : 55.0,
    "pct1ResTime" : 19.599999999999994,
    "pct2ResTime" : 29.199999999999932,
    "pct3ResTime" : 47.43999999999997,
    "throughput" : 33.57798165137615,
    "receivedKBytesPerSec" : 10.030640768348624,
    "sentKBytesPerSec" : 7.837048451834862
  }
}