{
  "HTTP Request - readTasks" : {
    "transaction" : "HTTP Request - readTasks",
    "sampleCount" : 249,
    "errorCount" : 49,
    "errorPct" : 19.678715,
    "meanResTime" : 194.7670682730923,
    "medianResTime" : 34.0,
    "minResTime" : 5.0,
    "maxResTime" : 1095.0,
    "pct1ResTime" : 700.0,
    "pct2ResTime" : 910.0,
    "pct3ResTime" : 1074.0,
    "throughput" : 39.84,
    "receivedKBytesPerSec" : 338.99546875,
    "sentKBytesPerSec" : 7.11984375
  },
  "HTTP Request-DelList" : {
    "transaction" : "HTTP Request-DelList",
    "sampleCount" : 291,
    "errorCount" : 0,
    "errorPct" : 0.0,
    "meanResTime" : 28.714776632302407,
    "medianResTime" : 4.0,
    "minResTime" : 1.0,
    "maxResTime" : 672.0,
    "pct1ResTime" : 85.40000000000003,
    "pct2ResTime" : 179.0,
    "pct3ResTime" : 490.1999999999978,
    "throughput" : 50.47701647875109,
    "receivedKBytesPerSec" : 9.415146628360798,
    "sentKBytesPerSec" : 10.447440101908066
  },
  "HTTP Request-createTaskClean" : {
    "transaction" : "HTTP Request-createTaskClean",
    "sampleCount" : 295,
    "errorCount" : 0,
    "errorPct" : 0.0,
    "meanResTime" : 120.4745762711864,
    "medianResTime" : 5.0,
    "minResTime" : 1.0,
    "maxResTime" : 1165.0,
    "pct1ResTime" : 433.80000000000024,
    "pct2ResTime" : 821.599999999999,
    "pct3ResTime" : 1131.0400000000004,
    "throughput" : 46.38364779874213,
    "receivedKBytesPerSec" : 14.031790487421382,
    "sentKBytesPerSec" : 13.674024665880502
  },
  "HTTP Request-createShopping" : {
    "transaction" : "HTTP Request-createShopping",
    "sampleCount" : 332,
    "errorCount" : 0,
    "errorPct" : 0.0,
    "meanResTime" : 158.4578313253011,
    "medianResTime" : 77.5,
    "minResTime" : 1.0,
    "maxResTime" : 1059.0,
    "pct1ResTime" : 384.7,
    "pct2ResTime" : 823.0,
    "pct3ResTime" : 1043.3400000000001,
    "throughput" : 48.93867924528302,
    "receivedKBytesPerSec" : 14.566097619398585,
    "sentKBytesPerSec" : 11.374419590212264
  },
  "HTTP Request-UpdateTaskClean" : {
    "transaction" : "HTTP Request-UpdateTaskClean",
    "sampleCount" : 185,
    "errorCount" : 0,
    "errorPct" : 0.0,
    "meanResTime" : 49.63243243243244,
    "medianResTime" : 6.0,
    "minResTime" : 1.0,
    "maxResTime" : 554.0,
    "pct1ResTime" : 164.20000000000002,
    "pct2ResTime" : 260.1999999999997,
    "pct3ResTime" : 465.4199999999986,
    "throughput" : 31.40383636054999,
    "receivedKBytesPerSec" : 9.593885269903243,
    "sentKBytesPerSec" : 9.343403868188762
  },
  "HTTP Request-UpdateTaskEggs" : {
    "transaction" : "HTTP Request-UpdateTaskEggs",
    "sampleCount" : 172,
    "errorCount" : 0,
    "errorPct" : 0.0,
    "meanResTime" : 43.65697674418605,
    "medianResTime" : 3.0,
    "minResTime" : 1.0,
    "maxResTime" : 651.0,
    "pct1ResTime" : 159.80000000000007,
    "pct2ResTime" : 260.75,
    "pct3ResTime" : 621.0700000000004,
    "throughput" : 29.39668432746539,
    "receivedKBytesPerSec" : 9.125209632968723,
    "sentKBytesPerSec" : 8.92041691591181
  },
  "Total" : {
    "transaction" : "Total",
    "sampleCount" : 2266,
    "errorCount" : 49,
    "errorPct" : 2.1624007,
    "meanResTime" : 94.87025595763468,
    "medianResTime" : 8.0,
    "minResTime" : 0.0,
    "maxResTime" : 1165.0,
    "pct1ResTime" : 290.5999999999999,
    "pct2ResTime" : 479.0,
    "pct3ResTime" : 1016.0,
    "throughput" : 332.79483037156706,
    "receivedKBytesPerSec" : 392.91459373623144,
    "sentKBytesPerSec" : 82.40773356036128
  },
  "HTTP Request-createReminders" : {
    "transaction" : "HTTP Request-createReminders",
    "sampleCount" : 313,
    "errorCount" : 0,
    "errorPct" : 0.0,
    "meanResTime" : 86.3610223642173,
    "medianResTime" : 12.0,
    "minResTime" : 0.0,
    "maxResTime" : 1157.0,
    "pct1ResTime" : 258.60000000000014,
    "pct2ResTime" : 467.90000000000003,
    "pct3ResTime" : 1107.5800000000027,
    "throughput" : 49.15972985707555,
    "receivedKBytesPerSec" : 14.68478826370347,
    "sentKBytesPerSec" : 11.473804136563531
  },
  "HTTP Request-createTaskEggs" : {
    "transaction" : "HTTP Request-createTaskEggs",
    "sampleCount" : 266,
    "errorCount" : 0,
    "errorPct" : 0.0,
    "meanResTime" : 70.99248120300744,
    "medianResTime" : 4.0,
    "minResTime" : 0.0,
    "maxResTime" : 1123.0,
    "pct1ResTime" : 171.0,
    "pct2ResTime" : 356.14999999999975,
    "pct3ResTime" : 1000.8699999999994,
    "throughput" : 42.20212597175948,
    "receivedKBytesPerSec" : 12.769526911788038,
    "sentKBytesPerSec" : 12.439667866492147
  },
  "HTTP Request-DelTask" : {
    "transaction" : "HTTP Request-DelTask",
    "sampleCount" : 163,
    "errorCount" : 0,
    "errorPct" : 0.0,
    "meanResTime" : 45.20858895705523,
    "medianResTime" : 4.0,
    "minResTime" : 1.0,
    "maxResTime" : 795.0,
    "pct1ResTime" : 101.19999999999999,
    "pct2ResTime" : 287.9999999999999,
    "pct3ResTime" : 668.279999999997,
    "throughput" : 27.858485728935225,
    "receivedKBytesPerSec" : 5.196260521705692,
    "sentKBytesPerSec" : 5.735531319432575
  }
}