{
  "HTTP Request - readTasks" : {
    "transaction" : "HTTP Request - readTasks",
    "sampleCount" : 3316,
    "errorCount" : 1124,
    "errorPct" : 33.89626,
    "meanResTime" : 4509.613088057917,
    "medianResTime" : 2949.0,
    "minResTime" : 8.0,
    "maxResTime" : 23547.0,
    "pct1ResTime" : 10560.100000000002,
    "pct2ResTime" : 11944.299999999992,
    "pct3ResTime" : 13416.98,
    "throughput" : 55.79485798896217,
    "receivedKBytesPerSec" : 2487.364399912926,
    "sentKBytesPerSec" : 9.971151378886795
  },
  "HTTP Request-DelList" : {
    "transaction" : "HTTP Request-DelList",
    "sampleCount" : 5477,
    "errorCount" : 0,
    "errorPct" : 0.0,
    "meanResTime" : 1190.6967317874744,
    "medianResTime" : 951.0,
    "minResTime" : 0.0,
    "maxResTime" : 9944.0,
    "pct1ResTime" : 2350.0,
    "pct2ResTime" : 3308.4999999999973,
    "pct3ResTime" : 6641.080000000016,
    "throughput" : 95.123137309389,
    "receivedKBytesPerSec" : 17.74269455673174,
    "sentKBytesPerSec" : 19.767580228125325
  },
  "HTTP Request-createTaskClean" : {
    "transaction" : "HTTP Request-createTaskClean",
    "sampleCount" : 3485,
    "errorCount" : 0,
    "errorPct" : 0.0,
    "meanResTime" : 1464.95954088953,
    "medianResTime" : 1381.0,
    "minResTime" : 0.0,
    "maxResTime" : 11135.0,
    "pct1ResTime" : 2935.8,
    "pct2ResTime" : 3562.0999999999995,
    "pct3ResTime" : 5738.139999999999,
    "throughput" : 58.933946629688506,
    "receivedKBytesPerSec" : 17.88710941463456,
    "sentKBytesPerSec" : 17.435886477111307
  },
  "HTTP Request-createShopping" : {
    "transaction" : "HTTP Request-createShopping",
    "sampleCount" : 3651,
    "errorCount" : 0,
    "errorPct" : 0.0,
    "meanResTime" : 1189.5143796220214,
    "medianResTime" : 996.0,
    "minResTime" : 2.0,
    "maxResTime" : 8791.0,
    "pct1ResTime" : 2151.4000000000015,
    "pct2ResTime" : 2710.199999999999,
    "pct3ResTime" : 4912.000000000001,
    "throughput" : 59.29354445797807,
    "receivedKBytesPerSec" : 17.703496117539586,
    "sentKBytesPerSec" : 13.781116778319122
  },
  "HTTP Request-UpdateTaskClean" : {
    "transaction" : "HTTP Request-UpdateTaskClean",
    "sampleCount" : 3043,
    "errorCount" : 0,
    "errorPct" : 0.0,
    "meanResTime" : 2334.246138678932,
    "medianResTime" : 1912.0,
    "minResTime" : 1.0,
    "maxResTime" : 11312.0,
    "pct1ResTime" : 4948.6,
    "pct2ResTime" : 6548.5999999999985,
    "pct3ResTime" : 7967.519999999991,
    "throughput" : 52.07139068088092,
    "receivedKBytesPerSec" : 15.955288981887096,
    "sentKBytesPerSec" : 15.587417408537107
  },
  "HTTP Request-UpdateTaskEggs" : {
    "transaction" : "HTTP Request-UpdateTaskEggs",
    "sampleCount" : 2938,
    "errorCount" : 0,
    "errorPct" : 0.0,
    "meanResTime" : 1855.5500340367594,
    "medianResTime" : 1550.0,
    "minResTime" : 0.0,
    "maxResTime" : 11821.0,
    "pct1ResTime" : 3882.2999999999997,
    "pct2ResTime" : 6042.099999999999,
    "pct3ResTime" : 7885.930000000002,
    "throughput" : 50.414400192185596,
    "receivedKBytesPerSec" : 15.698664889235891,
    "sentKBytesPerSec" : 15.396665654975376
  },
  "Total" : {
    "transaction" : "Total",
    "sampleCount" : 31723,
    "errorCount" : 1124,
    "errorPct" : 3.5431705,
    "meanResTime" : 1846.099233994266,
    "medianResTime" : 1539.0,
    "minResTime" : 0.0,
    "maxResTime" : 23547.0,
    "pct1ResTime" : 3168.0,
    "pct2ResTime" : 3842.9500000000007,
    "pct3ResTime" : 11556.900000000016,
    "throughput" : 510.79623218742455,
    "receivedKBytesPerSec" : 2503.4658416190323,
    "sentKBytesPerSec" : 126.31732549714194
  },
  "HTTP Request-createReminders" : {
    "transaction" : "HTTP Request-createReminders",
    "sampleCount" : 3560,
    "errorCount" : 0,
    "errorPct" : 0.0,
    "meanResTime" : 1310.584831460676,
    "medianResTime" : 1271.0,
    "minResTime" : 0.0,
    "maxResTime" : 8396.0,
    "pct1ResTime" : 2319.5000000000005,
    "pct2ResTime" : 2852.7999999999993,
    "pct3ResTime" : 4117.509999999998,
    "throughput" : 59.21490352628078,
    "receivedKBytesPerSec" : 17.750371652528276,
    "sentKBytesPerSec" : 13.820665959747172
  },
  "HTTP Request-createTaskEggs" : {
    "transaction" : "HTTP Request-createTaskEggs",
    "sampleCount" : 3404,
    "errorCount" : 0,
    "errorPct" : 0.0,
    "meanResTime" : 1815.7423619271465,
    "medianResTime" : 1714.5,
    "minResTime" : 0.0,
    "maxResTime" : 10441.0,
    "pct1ResTime" : 3805.0,
    "pct2ResTime" : 4929.5,
    "pct3ResTime" : 7830.9,
    "throughput" : 57.78011644289036,
    "receivedKBytesPerSec" : 17.541922251879893,
    "sentKBytesPerSec" : 17.081282065291195
  },
  "HTTP Request-DelTask" : {
    "transaction" : "HTTP Request-DelTask",
    "sampleCount" : 2849,
    "errorCount" : 0,
    "errorPct" : 0.0,
    "meanResTime" : 1487.889083889085,
    "medianResTime" : 1091.0,
    "minResTime" : 0.0,
    "maxResTime" : 11935.0,
    "pct1ResTime" : 3408.0,
    "pct2ResTime" : 4879.5,
    "pct3ResTime" : 7433.5,
    "throughput" : 48.93339287554533,
    "receivedKBytesPerSec" : 9.127224647684724,
    "sentKBytesPerSec" : 10.118782284832195
  }
}