{
  "HTTP Request - readTasks" : {
    "transaction" : "HTTP Request - readTasks",
    "sampleCount" : 2645,
    "errorCount" : 76,
    "errorPct" : 2.8733459,
    "meanResTime" : 5683.606427221176,
    "medianResTime" : 4991.0,
    "minResTime" : 18.0,
    "maxResTime" : 24949.0,
    "pct1ResTime" : 11097.6,
    "pct2ResTime" : 13807.199999999979,
    "pct3ResTime" : 17590.32,
    "throughput" : 43.36421018116239,
    "receivedKBytesPerSec" : 3367.58838775207,
    "sentKBytesPerSec" : 7.749658655422576
  },
  "HTTP Request-DelList" : {
    "transaction" : "HTTP Request-DelList",
    "sampleCount" : 3979,
    "errorCount" : 0,
    "errorPct" : 0.0,
    "meanResTime" : 406.8562452877601,
    "medianResTime" : 216.0,
    "minResTime" : 1.0,
    "maxResTime" : 7774.0,
    "pct1ResTime" : 940.0,
    "pct2ResTime" : 1433.0,
    "pct3ResTime" : 3044.3999999999924,
    "throughput" : 105.58857870714361,
    "receivedKBytesPerSec" : 19.694744661195735,
    "sentKBytesPerSec" : 21.934561916197858
  },
  "HTTP Request-createTaskClean" : {
    "transaction" : "HTTP Request-createTaskClean",
    "sampleCount" : 2931,
    "errorCount" : 0,
    "errorPct" : 0.0,
    "meanResTime" : 1187.8471511429548,
    "medianResTime" : 454.0,
    "minResTime" : 0.0,
    "maxResTime" : 18664.0,
    "pct1ResTime" : 3986.2000000000007,
    "pct2ResTime" : 5196.600000000002,
    "pct3ResTime" : 7931.519999999993,
    "throughput" : 47.11839884253678,
    "receivedKBytesPerSec" : 14.296134002491762,
    "sentKBytesPerSec" : 13.942229196808938
  },
  "HTTP Request-createShopping" : {
    "transaction" : "HTTP Request-createShopping",
    "sampleCount" : 2977,
    "errorCount" : 0,
    "errorPct" : 0.0,
    "meanResTime" : 640.3627813234805,
    "medianResTime" : 219.0,
    "minResTime" : 1.0,
    "maxResTime" : 6317.0,
    "pct1ResTime" : 1713.0,
    "pct2ResTime" : 1969.1,
    "pct3ResTime" : 3495.679999999981,
    "throughput" : 46.17078693507863,
    "receivedKBytesPerSec" : 13.780393724409878,
    "sentKBytesPerSec" : 10.73110086967648
  },
  "HTTP Request-UpdateTaskClean" : {
    "transaction" : "HTTP Request-UpdateTaskClean",
    "sampleCount" : 2381,
    "errorCount" : 0,
    "errorPct" : 0.0,
    "meanResTime" : 5753.176816463682,
    "medianResTime" : 5314.0,
    "minResTime" : 2.0,
    "maxResTime" : 22397.0,
    "pct1ResTime" : 10627.0,
    "pct2ResTime" : 12145.5,
    "pct3ResTime" : 14783.72,
    "throughput" : 39.60741911336605,
    "receivedKBytesPerSec" : 12.130509622182483,
    "sentKBytesPerSec" : 11.84502165121018
  },
  "HTTP Request-UpdateTaskEggs" : {
    "transaction" : "HTTP Request-UpdateTaskEggs",
    "sampleCount" : 2121,
    "errorCount" : 0,
    "errorPct" : 0.0,
    "meanResTime" : 3387.062706270627,
    "medianResTime" : 3411.0,
    "minResTime" : 1.0,
    "maxResTime" : 13496.0,
    "pct1ResTime" : 6394.0,
    "pct2ResTime" : 7153.9,
    "pct3ResTime" : 8738.980000000029,
    "throughput" : 43.69412055539533,
    "receivedKBytesPerSec" : 13.607719056435663,
    "sentKBytesPerSec" : 13.347675241285897
  },
  "Total" : {
    "transaction" : "Total",
    "sampleCount" : 24849,
    "errorCount" : 76,
    "errorPct" : 0.30584732,
    "meanResTime" : 2189.425852146974,
    "medianResTime" : 754.0,
    "minResTime" : 0.0,
    "maxResTime" : 24949.0,
    "pct1ResTime" : 5841.0,
    "pct2ResTime" : 7110.850000000002,
    "pct3ResTime" : 12093.900000000016,
    "throughput" : 382.71623952686053,
    "receivedKBytesPerSec" : 3256.5505251971417,
    "sentKBytesPerSec" : 94.94698394279048
  },
  "HTTP Request-createReminders" : {
    "transaction" : "HTTP Request-createReminders",
    "sampleCount" : 2961,
    "errorCount" : 0,
    "errorPct" : 0.0,
    "meanResTime" : 544.8608578183038,
    "medianResTime" : 190.0,
    "minResTime" : 1.0,
    "maxResTime" : 9050.0,
    "pct1ResTime" : 1587.4000000000015,
    "pct2ResTime" : 2276.2000000000007,
    "pct3ResTime" : 5442.38,
    "throughput" : 46.9232841544776,
    "receivedKBytesPerSec" : 14.067789591025782,
    "sentKBytesPerSec" : 10.951821204023581
  },
  "HTTP Request-createTaskEggs" : {
    "transaction" : "HTTP Request-createTaskEggs",
    "sampleCount" : 2838,
    "errorCount" : 0,
    "errorPct" : 0.0,
    "meanResTime" : 2470.293516560956,
    "medianResTime" : 1020.5,
    "minResTime" : 1.0,
    "maxResTime" : 23209.0,
    "pct1ResTime" : 6327.5,
    "pct2ResTime" : 10071.599999999959,
    "pct3ResTime" : 13804.960000000005,
    "throughput" : 46.162104133118625,
    "receivedKBytesPerSec" : 14.016759025439582,
    "sentKBytesPerSec" : 13.641742124343272
  },
  "HTTP Request-DelTask" : {
    "transaction" : "HTTP Request-DelTask",
    "sampleCount" : 2016,
    "errorCount" : 0,
    "errorPct" : 0.0,
    "meanResTime" : 1418.0471230158716,
    "medianResTime" : 1028.5,
    "minResTime" : 1.0,
    "maxResTime" : 10021.0,
    "pct1ResTime" : 3291.5999999999985,
    "pct2ResTime" : 3961.199999999996,
    "pct3ResTime" : 6226.4899999999925,
    "throughput" : 48.49301229163159,
    "receivedKBytesPerSec" : 9.045083347364876,
    "sentKBytesPerSec" : 10.018263243270873
  }
}