{
  "HTTP Request - readTasks" : {
    "transaction" : "HTTP Request - readTasks",
    "sampleCount" : 69,
    "errorCount" : 1,
    "errorPct" : 1.4492754,
    "meanResTime" : 26.66666666666667,
    "medianResTime" : 8.0,
    "minResTime" : 4.0,
    "maxResTime" : 131.0,
    "pct1ResTime" : 100.0,
    "pct2ResTime" : 113.0,
    "pct3ResTime" : 131.0,
    "throughput" : 23.45343303874915,
    "receivedKBytesPerSec" : 78.23088832002038,
    "sentKBytesPerSec" : 4.191385005948335
  },
  "HTTP Request-DelList" : {
    "transaction" : "HTTP Request-DelList",
    "sampleCount" : 80,
    "errorCount" : 0,
    "errorPct" : 0.0,
    "meanResTime" : 4.55,
    "medianResTime" : 3.0,
    "minResTime" : 2.0,
    "maxResTime" : 14.0,
    "pct1ResTime" : 8.900000000000006,
    "pct2ResTime" : 10.0,
    "pct3ResTime" : 14.0,
    "throughput" : 52.562417871222074,
    "receivedKBytesPerSec" : 9.804122864651774,
    "sentKBytesPerSec" : 10.824957909001315
  },
  "HTTP Request-createTaskClean" : {
    "transaction" : "HTTP Request-createTaskClean",
    "sampleCount" : 100,
    "errorCount" : 0,
    "errorPct" : 0.0,
    "meanResTime" : 9.449999999999998,
    "medianResTime" : 3.0,
    "minResTime" : 1.0,
    "maxResTime" : 113.0,
    "pct1ResTime" : 29.50000000000003,
    "pct2ResTime" : 36.0,
    "pct3ResTime" : 112.58999999999979,
    "throughput" : 27.824151363383415,
    "receivedKBytesPerSec" : 8.406480418753478,
    "sentKBytesPerSec" : 8.193451759877574
  },
  "HTTP Request-createShopping" : {
    "transaction" : "HTTP Request-createShopping",
    "sampleCount" : 124,
    "errorCount" : 0,
    "errorPct" : 0.0,
    "meanResTime" : 17.040322580645157,
    "medianResTime" : 3.0,
    "minResTime" : 2.0,
    "maxResTime" : 254.0,
    "pct1ResTime" : 14.5,
    "pct2ResTime" : 142.75,
    "pct3ResTime" : 254.0,
    "throughput" : 27.4822695035461,
    "receivedKBytesPerSec" : 8.172217835771278,
    "sentKBytesPerSec" : 6.387480607269504
  },
  "HTTP Request-UpdateTaskClean" : {
    "transaction" : "HTTP Request-UpdateTaskClean",
    "sampleCount" : 62,
    "errorCount" : 0,
    "errorPct" : 0.0,
    "meanResTime" : 16.24193548387097,
    "medianResTime" : 4.0,
    "minResTime" : 2.0,
    "maxResTime" : 75.0,
    "pct1ResTime" : 56.0,
    "pct2ResTime" : 70.74999999999991,
    "pct3ResTime" : 75.0,
    "throughput" : 24.899598393574298,
    "receivedKBytesPerSec" : 7.586596385542168,
    "sentKBytesPerSec" : 7.367752259036144
  },
  "HTTP Request-UpdateTaskEggs" : {
    "transaction" : "HTTP Request-UpdateTaskEggs",
    "sampleCount" : 55,
    "errorCount" : 0,
    "errorPct" : 0.0,
    "meanResTime" : 8.690909090909088,
    "medianResTime" : 4.0,
    "minResTime" : 2.0,
    "maxResTime" : 72.0,
    "pct1ResTime" : 19.799999999999997,
    "pct2ResTime" : 29.399999999999885,
    "pct3ResTime" : 72.0,
    "throughput" : 26.404224675948154,
    "receivedKBytesPerSec" : 8.178183509361498,
    "sentKBytesPerSec" : 7.97611992918867
  },
  "Total" : {
    "transaction" : "Total",
    "sampleCount" : 723,
    "errorCount" : 1,
    "errorPct" : 0.1383126,
    "meanResTime" : 12.4744121715076,
    "medianResTime" : 4.0,
    "minResTime" : 1.0,
    "maxResTime" : 254.0,
    "pct1ResTime" : 27.600000000000023,
    "pct2ResTime" : 59.59999999999991,
    "pct3ResTime" : 132.51999999999998,
    "throughput" : 160.23936170212767,
    "receivedKBytesPerSec" : 91.42914900542998,
    "sentKBytesPerSec" : 39.80531083776596
  },
  "HTTP Request-createReminders" : {
    "transaction" : "HTTP Request-createReminders",
    "sampleCount" : 110,
    "errorCount" : 0,
    "errorPct" : 0.0,
    "meanResTime" : 6.154545454545454,
    "medianResTime" : 3.0,
    "minResTime" : 1.0,
    "maxResTime" : 90.0,
    "pct1ResTime" : 14.0,
    "pct2ResTime" : 20.0,
    "pct3ResTime" : 88.24000000000001,
    "throughput" : 28.01833927661742,
    "receivedKBytesPerSec" : 8.361225643148241,
    "sentKBytesPerSec" : 6.539436608507386
  },
  "HTTP Request-createTaskEggs" : {
    "transaction" : "HTTP Request-createTaskEggs",
    "sampleCount" : 75,
    "errorCount" : 0,
    "errorPct" : 0.0,
    "meanResTime" : 8.986666666666665,
    "medianResTime" : 3.0,
    "minResTime" : 1.0,
    "maxResTime" : 74.0,
    "pct1ResTime" : 19.400000000000006,
    "pct2ResTime" : 43.20000000000002,
    "pct3ResTime" : 74.0,
    "throughput" : 23.12673450508788,
    "receivedKBytesPerSec" : 6.987405565834105,
    "sentKBytesPerSec" : 6.801909882824545
  },
  "HTTP Request-DelTask" : {
    "transaction" : "HTTP Request-DelTask",
    "sampleCount" : 48,
    "errorCount" : 0,
    "errorPct" : 0.0,
    "meanResTime" : 19.187499999999996,
    "medianResTime" : 4.0,
    "minResTime" : 2.0,
    "maxResTime" : 112.0,
    "pct1ResTime" : 63.2,
    "pct2ResTime" : 74.14999999999996,
    "pct3ResTime" : 112.0,
    "throughput" : 27.665706051873197,
    "receivedKBytesPerSec" : 5.160302593659942,
    "sentKBytesPerSec" : 5.66856538184438
  }
}