{
  "HTTP Request - readTasks" : {
    "transaction" : "HTTP Request - readTasks",
    "sampleCount" : 516,
    "errorCount" : 84,
    "errorPct" : 16.27907,
    "meanResTime" : 104.38759689922483,
    "medianResTime" : 32.5,
    "minResTime" : 2.0,
    "maxResTime" : 901.0,
    "pct1ResTime" : 340.90000000000003,
    "pct2ResTime" : 513.9499999999997,
    "pct3ResTime" : 721.9799999999999,
    "throughput" : 111.88204683434519,
    "receivedKBytesPerSec" : 552.7386098764093,
    "sentKBytesPerSec" : 19.994545479184737
  },
  "HTTP Request-DelList" : {
    "transaction" : "HTTP Request-DelList",
    "sampleCount" : 911,
    "errorCount" : 0,
    "errorPct" : 0.0,
    "meanResTime" : 37.47639956092203,
    "medianResTime" : 13.0,
    "minResTime" : 1.0,
    "maxResTime" : 556.0,
    "pct1ResTime" : 94.0,
    "pct2ResTime" : 171.39999999999998,
    "pct3ResTime" : 320.88,
    "throughput" : 210.78204534937527,
    "receivedKBytesPerSec" : 39.31579166184637,
    "sentKBytesPerSec" : 43.61700493116613
  },
  "HTTP Request-createTaskClean" : {
    "transaction" : "HTTP Request-createTaskClean",
    "sampleCount" : 525,
    "errorCount" : 0,
    "errorPct" : 0.0,
    "meanResTime" : 38.52571428571428,
    "medianResTime" : 10.0,
    "minResTime" : 0.0,
    "maxResTime" : 512.0,
    "pct1ResTime" : 114.40000000000003,
    "pct2ResTime" : 200.39999999999998,
    "pct3ResTime" : 361.3200000000006,
    "throughput" : 114.32926829268293,
    "receivedKBytesPerSec" : 34.60353093695558,
    "sentKBytesPerSec" : 33.715224847560975
  },
  "HTTP Request-createShopping" : {
    "transaction" : "HTTP Request-createShopping",
    "sampleCount" : 548,
    "errorCount" : 0,
    "errorPct" : 0.0,
    "meanResTime" : 71.22445255474456,
    "medianResTime" : 40.0,
    "minResTime" : 1.0,
    "maxResTime" : 512.0,
    "pct1ResTime" : 191.0,
    "pct2ResTime" : 278.0,
    "pct3ResTime" : 409.17999999999984,
    "throughput" : 111.90524811108841,
    "receivedKBytesPerSec" : 33.32736401112926,
    "sentKBytesPerSec" : 26.009227588319376
  },
  "HTTP Request-UpdateTaskClean" : {
    "transaction" : "HTTP Request-UpdateTaskClean",
    "sampleCount" : 470,
    "errorCount" : 0,
    "errorPct" : 0.0,
    "meanResTime" : 42.49787234042553,
    "medianResTime" : 20.5,
    "minResTime" : 1.0,
    "maxResTime" : 457.0,
    "pct1ResTime" : 114.90000000000003,
    "pct2ResTime" : 202.79999999999995,
    "pct3ResTime" : 311.77000000000027,
    "throughput" : 105.95130748422002,
    "receivedKBytesPerSec" : 32.37317896190262,
    "sentKBytesPerSec" : 31.533106261271417
  },
  "HTTP Request-UpdateTaskEggs" : {
    "transaction" : "HTTP Request-UpdateTaskEggs",
    "sampleCount" : 465,
    "errorCount" : 0,
    "errorPct" : 0.0,
    "meanResTime" : 39.65806451612906,
    "medianResTime" : 11.0,
    "minResTime" : 0.0,
    "maxResTime" : 524.0,
    "pct1ResTime" : 123.40000000000003,
    "pct2ResTime" : 209.09999999999997,
    "pct3ResTime" : 276.7399999999997,
    "throughput" : 107.01956271576525,
    "receivedKBytesPerSec" : 33.22425201380898,
    "sentKBytesPerSec" : 32.48210946490219
  },
  "Total" : {
    "transaction" : "Total",
    "sampleCount" : 4956,
    "errorCount" : 84,
    "errorPct" : 1.6949153,
    "meanResTime" : 49.00040355125104,
    "medianResTime" : 18.0,
    "minResTime" : 0.0,
    "maxResTime" : 901.0,
    "pct1ResTime" : 140.30000000000018,
    "pct2ResTime" : 231.0,
    "pct3ResTime" : 420.8600000000006,
    "throughput" : 1000.0,
    "receivedKBytesPerSec" : 753.3582636576876,
    "sentKBytesPerSec" : 245.81552032889425
  },
  "HTTP Request-createReminders" : {
    "transaction" : "HTTP Request-createReminders",
    "sampleCount" : 535,
    "errorCount" : 0,
    "errorPct" : 0.0,
    "meanResTime" : 38.491588785046716,
    "medianResTime" : 16.0,
    "minResTime" : 0.0,
    "maxResTime" : 419.0,
    "pct1ResTime" : 116.80000000000007,
    "pct2ResTime" : 174.39999999999992,
    "pct3ResTime" : 282.19999999999993,
    "throughput" : 116.07724018225211,
    "receivedKBytesPerSec" : 34.68608463061402,
    "sentKBytesPerSec" : 27.09224648784986
  },
  "HTTP Request-createTaskEggs" : {
    "transaction" : "HTTP Request-createTaskEggs",
    "sampleCount" : 522,
    "errorCount" : 0,
    "errorPct" : 0.0,
    "meanResTime" : 35.07471264367816,
    "medianResTime" : 14.0,
    "minResTime" : 0.0,
    "maxResTime" : 386.0,
    "pct1ResTime" : 99.0,
    "pct2ResTime" : 164.69999999999993,
    "pct3ResTime" : 294.15999999999985,
    "throughput" : 114.59934138309549,
    "receivedKBytesPerSec" : 34.68822893798024,
    "sentKBytesPerSec" : 33.789705680570805
  },
  "HTTP Request-DelTask" : {
    "transaction" : "HTTP Request-DelTask",
    "sampleCount" : 464,
    "errorCount" : 0,
    "errorPct" : 0.0,
    "meanResTime" : 39.36853448275861,
    "medianResTime" : 13.5,
    "minResTime" : 0.0,
    "maxResTime" : 439.0,
    "pct1ResTime" : 108.0,
    "pct2ResTime" : 180.5,
    "pct3ResTime" : 306.7000000000005,
    "throughput" : 105.64663023679417,
    "receivedKBytesPerSec" : 19.705572632058285,
    "sentKBytesPerSec" : 21.75564236111111
  }
}