{
  "HTTP Request - readTasks" : {
    "transaction" : "HTTP Request - readTasks",
    "sampleCount" : 140,
    "errorCount" : 0,
    "errorPct" : 0.0,
    "meanResTime" : 6.757142857142858,
    "medianResTime" : 2.0,
    "minResTime" : 0.0,
    "maxResTime" : 108.0,
    "pct1ResTime" : 6.0,
    "pct2ResTime" : 43.54999999999967,
    "pct3ResTime" : 106.36000000000001,
    "throughput" : 21.65506573859242,
    "receivedKBytesPerSec" : 8.395718532482599,
    "sentKBytesPerSec" : 3.8699970997679816
  },
  "HTTP Request-DelList" : {
    "transaction" : "HTTP Request-DelList",
    "sampleCount" : 280,
    "errorCount" : 0,
    "errorPct" : 0.0,
    "meanResTime" : 3.732142857142857,
    "medianResTime" : 3.0,
    "minResTime" : 1.0,
    "maxResTime" : 97.0,
    "pct1ResTime" : 5.900000000000006,
    "pct2ResTime" : 7.949999999999989,
    "pct3ResTime" : 25.75999999999999,
    "throughput" : 44.37400950871633,
    "receivedKBytesPerSec" : 8.276792789223455,
    "sentKBytesPerSec" : 9.170092115689382
  },
  "HTTP Request-createTaskClean" : {
    "transaction" : "HTTP Request-createTaskClean",
    "sampleCount" : 140,
    "errorCount" : 0,
    "errorPct" : 0.0,
    "meanResTime" : 3.8642857142857143,
    "medianResTime" : 2.0,
    "minResTime" : 1.0,
    "maxResTime" : 102.0,
    "pct1ResTime" : 5.0,
    "pct2ResTime" : 8.899999999999977,
    "pct3ResTime" : 74.53000000000023,
    "throughput" : 21.521906225980015,
    "receivedKBytesPerSec" : 6.507163960415065,
    "sentKBytesPerSec" : 6.339324317832436
  },
  "HTTP Request-createShopping" : {
    "transaction" : "HTTP Request-createShopping",
    "sampleCount" : 140,
    "errorCount" : 0,
    "errorPct" : 0.0,
    "meanResTime" : 8.15714285714286,
    "medianResTime" : 2.0,
    "minResTime" : 0.0,
    "maxResTime" : 240.0,
    "pct1ResTime" : 6.900000000000006,
    "pct2ResTime" : 10.899999999999977,
    "pct3ResTime" : 240.0,
    "throughput" : 20.64287820701858,
    "receivedKBytesPerSec" : 6.14059389744913,
    "sentKBytesPerSec" : 4.797856458271896
  },
  "HTTP Request-UpdateTaskClean" : {
    "transaction" : "HTTP Request-UpdateTaskClean",
    "sampleCount" : 140,
    "errorCount" : 0,
    "errorPct" : 0.0,
    "meanResTime" : 3.9500000000000024,
    "medianResTime" : 2.0,
    "minResTime" : 1.0,
    "maxResTime" : 43.0,
    "pct1ResTime" : 6.0,
    "pct2ResTime" : 20.349999999999852,
    "pct3ResTime" : 36.03000000000006,
    "throughput" : 21.988377571854876,
    "receivedKBytesPerSec" : 6.712620985157845,
    "sentKBytesPerSec" : 6.532400954138526
  },
  "HTTP Request-UpdateTaskEggs" : {
    "transaction" : "HTTP Request-UpdateTaskEggs",
    "sampleCount" : 140,
    "errorCount" : 0,
    "errorPct" : 0.0,
    "meanResTime" : 3.2071428571428595,
    "medianResTime" : 2.0,
    "minResTime" : 1.0,
    "maxResTime" : 29.0,
    "pct1ResTime" : 5.0,
    "pct2ResTime" : 7.0,
    "pct3ResTime" : 24.900000000000034,
    "throughput" : 22.061140876142453,
    "receivedKBytesPerSec" : 6.842862383785062,
    "sentKBytesPerSec" : 6.683282284115979
  },
  "Total" : {
    "transaction" : "Total",
    "sampleCount" : 1400,
    "errorCount" : 0,
    "errorPct" : 0.0,
    "meanResTime" : 4.360714285714291,
    "medianResTime" : 2.0,
    "minResTime" : 0.0,
    "maxResTime" : 240.0,
    "pct1ResTime" : 6.0,
    "pct2ResTime" : 8.950000000000045,
    "pct3ResTime" : 42.960000000000036,
    "throughput" : 205.76131687242798,
    "receivedKBytesPerSec" : 56.859504749044675,
    "sentKBytesPerSec" : 50.465632578262785
  },
  "HTTP Request-createReminders" : {
    "transaction" : "HTTP Request-createReminders",
    "sampleCount" : 140,
    "errorCount" : 0,
    "errorPct" : 0.0,
    "meanResTime" : 3.1642857142857146,
    "medianResTime" : 2.0,
    "minResTime" : 0.0,
    "maxResTime" : 25.0,
    "pct1ResTime" : 6.0,
    "pct2ResTime" : 10.949999999999989,
    "pct3ResTime" : 23.360000000000014,
    "throughput" : 21.4987714987715,
    "receivedKBytesPerSec" : 6.416489509751229,
    "sentKBytesPerSec" : 5.017779675982801
  },
  "HTTP Request-createTaskEggs" : {
    "transaction" : "HTTP Request-createTaskEggs",
    "sampleCount" : 140,
    "errorCount" : 0,
    "errorPct" : 0.0,
    "meanResTime" : 2.8714285714285728,
    "medianResTime" : 2.0,
    "minResTime" : 0.0,
    "maxResTime" : 21.0,
    "pct1ResTime" : 5.0,
    "pct2ResTime" : 7.0,
    "pct3ResTime" : 20.180000000000007,
    "throughput" : 21.63498686447226,
    "receivedKBytesPerSec" : 6.541655800880853,
    "sentKBytesPerSec" : 6.372330638618451
  },
  "HTTP Request-DelTask" : {
    "transaction" : "HTTP Request-DelTask",
    "sampleCount" : 140,
    "errorCount" : 0,
    "errorPct" : 0.0,
    "meanResTime" : 4.171428571428571,
    "medianResTime" : 3.0,
    "minResTime" : 1.0,
    "maxResTime" : 39.0,
    "pct1ResTime" : 5.900000000000006,
    "pct2ResTime" : 8.0,
    "pct3ResTime" : 39.0,
    "throughput" : 22.071574964527827,
    "receivedKBytesPerSec" : 4.116866033422671,
    "sentKBytesPerSec" : 4.539483732066845
  }
}