{
  "Total" : {
    "transaction" : "Total",
    "sampleCount" : 305,
    "errorCount" : 0,
    "errorPct" : 0.0,
    "meanResTime" : 962.2983606557378,
    "medianResTime" : 960.0,
    "minResTime" : 310.0,
    "maxResTime" : 2957.0,
    "pct1ResTime" : 1376.2,
    "pct2ResTime" : 1455.1999999999998,
    "pct3ResTime" : 1702.0199999999998,
    "throughput" : 35.68086102012166,
    "receivedKBytesPerSec" : 112.47879620963968,
    "sentKBytesPerSec" : 4.007127946595695
  },
  "HTTP Request" : {
    "transaction" : "HTTP Request",
    "sampleCount" : 305,
    "errorCount" : 0,
    "errorPct" : 0.0,
    "meanResTime" : 962.2983606557378,
    "medianResTime" : 960.0,
    "minResTime" : 310.0,
    "maxResTime" : 2957.0,
    "pct1ResTime" : 1376.2,
    "pct2ResTime" : 1455.1999999999998,
    "pct3ResTime" : 1702.0199999999998,
    "throughput" : 35.68086102012166,
    "receivedKBytesPerSec" : 112.47879620963968,
    "sentKBytesPerSec" : 4.007127946595695
  }
}